{
  "project_info": {
    "project_number": "340322334007",
    "project_id": "plasmahero-82f44",
    "storage_bucket": "plasmahero-82f44.appspot.com"
  },
  "client": [
    {
      "client_info": {
        "mobilesdk_app_id": "1:340322334007:android:25db00ecd15a1aef7f56b2",
        "android_client_info": {
          "package_name": "com.khurshed.plasmahero"
        }
      },
      "oauth_client": [
        {
          "client_id": "340322334007-mi65tvh5fplq3qcqj2hrknbui5qo8lie.apps.googleusercontent.com",
          "client_type": 3
        }
      ],
      "api_key": [
        {
          "current_key": "AIzaSyAK8aCDNvYjKqinmhvFn_vd0gl2JxqEEoI"
        }
      ],
      "services": {
        "appinvite_service": {
          "other_platform_oauth_client": [
            {
              "client_id": "340322334007-mi65tvh5fplq3qcqj2hrknbui5qo8lie.apps.googleusercontent.com",
              "client_type": 3
            }
          ]
        }
      }
    }
  ],
  "configuration_version": "1"
}